{
  "hash": "b31e0c22",
  "configHash": "6515b424",
  "lockfileHash": "82e98a82",
  "browserHash": "eaa98660",
  "optimized": {
    "@angular/cdk/bidi": {
      "src": "../../../../../../node_modules/@angular/cdk/fesm2022/bidi.mjs",
      "file": "@angular_cdk_bidi.js",
      "fileHash": "b7fde357",
      "needsInterop": false
    },
    "@angular/common": {
      "src": "../../../../../../node_modules/@angular/common/fesm2022/common.mjs",
      "file": "@angular_common.js",
      "fileHash": "14aa0dcb",
      "needsInterop": false
    },
    "@angular/core": {
      "src": "../../../../../../node_modules/@angular/core/fesm2022/core.mjs",
      "file": "@angular_core.js",
      "fileHash": "cbdbf371",
      "needsInterop": false
    },
    "@angular/forms": {
      "src": "../../../../../../node_modules/@angular/forms/fesm2022/forms.mjs",
      "file": "@angular_forms.js",
      "fileHash": "3c01f1b8",
      "needsInterop": false
    },
    "@angular/material/icon": {
      "src": "../../../../../../node_modules/@angular/material/fesm2022/icon.mjs",
      "file": "@angular_material_icon.js",
      "fileHash": "ad76d9da",
      "needsInterop": false
    },
    "@angular/platform-browser": {
      "src": "../../../../../../node_modules/@angular/platform-browser/fesm2022/platform-browser.mjs",
      "file": "@angular_platform-browser.js",
      "fileHash": "db4a0126",
      "needsInterop": false
    },
    "@angular/router": {
      "src": "../../../../../../node_modules/@angular/router/fesm2022/router.mjs",
      "file": "@angular_router.js",
      "fileHash": "83a4b22d",
      "needsInterop": false
    }
  },
  "chunks": {
    "chunk-BCOSPXEQ": {
      "file": "chunk-BCOSPXEQ.js"
    },
    "chunk-AUA633C4": {
      "file": "chunk-AUA633C4.js"
    },
    "chunk-3WCT3QM3": {
      "file": "chunk-3WCT3QM3.js"
    },
    "chunk-Q7PGTCFA": {
      "file": "chunk-Q7PGTCFA.js"
    }
  }
}